,foliointerno,_id,Usuario.razonSocial,Productos.idLocal,Productos.unidades,Productos.cantidad,Productos.importe,Especificaciones.estructura,Especificaciones.tipo,Especificaciones.calibreECT,Especificaciones.caraExterior,Especificaciones.largo,Especificaciones.ancho,Especificaciones.alto,Especificaciones.tipoUnion,Especificaciones.suaje,Productos.precioUnitario,precios.precioGeneralm2,Especificaciones.longitudLamina,Especificaciones.anchoLamina,areaM2,precioLista
0,24156,5fc3da6c62f23e3d63860a22,LOQUAY. S.A.,CJ246,millares,2.0,21200.0,caja regular,"[5.5, 1.5]",32,kraft,32.3,24.5,30.3,CIG,0,10600.0,14.12,1.1909999999999998,1.111,1.3232009999999998,18.683598119999996
1,24157,5fc3db5f62f23e3d63860a24,LOQUAY. S.A.,CJ245,millares,2.5,8840.0,caja regular,"[5.5, 1.5]",29,kraft,19.6,15.0,17.5,CIP,0,3536.0,13.25,0.747,0.665,0.496755,6.58200375
2,24374,5fc3de2962f23e3d63860a26,LOQUAY. S.A.,CJ247,millares,2.0,27664.0,caja en dos piezas,"[7, 2.7]",32,kraft,44.3,32.0,14.5,CIP,0,13832.0,,1.5959999999999999,0.9570000000000001,1.527372,
3,24375,5fc3dfbc62f23e3d63860a27,LOQUAY. S.A.,CJ65,millares,3.0,8268.0,caja regular,"[5.5, 1.5]",29,kraft,20.0,10.4,18.5,CIP,0,2756.0,13.25,0.6629999999999999,0.593,0.3931589999999999,5.209356749999999
4,24377,5fc3e09a62f23e3d63860a28,LOQUAY. S.A.,CJ67,millares,2.0,8382.0,caja regular,"[7, 2.7]",29,kraft,26.3,17.8,13.2,CIP,0,4191.0,13.25,0.9520000000000001,0.647,0.615944,8.161258
5,24376,5fc3e1b362f23e3d63860a29,LOQUAY. S.A.,CJ90,millares,2.0,5512.0,caja regular,"[5.5, 1.5]",29,kraft,20.0,10.4,18.5,CIP,0,2756.0,13.25,0.6629999999999999,0.593,0.3931589999999999,5.209356749999999
6,24378,5fc3e22e62f23e3d63860a2a,LOQUAY. S.A.,CJ67,millares,4.0,16764.0,caja regular,"[7, 2.7]",29,kraft,26.3,17.8,13.2,CIP,0,4191.0,13.25,0.9520000000000001,0.647,0.615944,8.161258
7,24379,5fc3e2fc62f23e3d63860a2b,LOQUAY. S.A.,CJ186,millares,3.0,9267.0,caja regular,"[5.5, 1.5]",29,kraft,19.0,12.7,18.6,CIP,0,3089.0,13.25,0.6890000000000001,0.6409999999999999,0.44164899999999996,5.851849249999999
8,24381,5fc3e39162f23e3d63860a2c,LOQUAY. S.A.,CJ42,millares,2.0,12356.0,caja regular,"[5.5, 1.5]",29,kraft,25.2,23.5,19.0,CIP,0,6178.0,13.25,1.0290000000000001,0.865,0.8900850000000001,11.79362625
9,24382,5fc3e48062f23e3d63860a2d,LOQUAY. S.A.,CJ248,millares,2.0,14332.0,caja regular,"[7, 2.7]",32,kraft,26.0,19.5,20.0,CIG,0,7166.0,14.12,0.98,0.8170000000000001,0.80066,11.3053192
10,3447,5fc4214418ac7fa60bdd383f,CREMERIA COVADONGA S.A. DE C.V.,panela premium separador,millares,5.0,13600.0,suaje,"[5.5, 1.5]",32,blanco,164.7,61.2,0.0,,1,2720.0,15.01,4.5729999999999995,1.239,5.665947,85.04586447
11,3447,5fc4214418ac7fa60bdd383f,CREMERIA COVADONGA S.A. DE C.V.,panela premium separador,millares,5.0,13600.0,separador,"[0, 0]",26,kraft,29.0,29.0,0.0,,0,2720.0,11.61,1.16,0.58,0.6728,7.811207999999999
12,ivZt29,5fc42b3918ac7fa60bdd3840,"Invernaderos de Zitácuaro, S. de R.L.",normal fondo,millares,4.0,65800.0,charola,"[0, 0]",32,kraft,103.5,33.8,20.2,,0,16450.0,14.12,2.7460000000000004,1.08,2.9656800000000008,41.87540160000001
13,ivZt29,5fc42b3918ac7fa60bdd3840,"Invernaderos de Zitácuaro, S. de R.L.",normal tapa,millares,4.0,78800.0,charola,"[0, 0]",32,kraft,104.5,34.8,20.2,,0,19700.0,14.12,2.786,1.1,3.0646000000000004,43.272152000000006
14,ivZt22,5fc42b3918ac7fa60bdd3841,"Invernaderos de Zitácuaro, S. de R.L.",normal fondo,millares,4.0,65800.0,charola,"[0, 0]",32,kraft,103.5,33.8,20.2,,0,16450.0,14.12,2.7460000000000004,1.08,2.9656800000000008,41.87540160000001
15,ivZt22,5fc42b3918ac7fa60bdd3841,"Invernaderos de Zitácuaro, S. de R.L.",normal tapa,millares,4.0,78800.0,charola,"[0, 0]",32,kraft,104.5,34.8,20.2,,0,19700.0,14.12,2.786,1.1,3.0646000000000004,43.272152000000006
16,ivZt15,5fc42b3a18ac7fa60bdd3842,"Invernaderos de Zitácuaro, S. de R.L.",normal fondo,millares,4.0,65800.0,charola,"[0, 0]",32,kraft,103.5,33.8,20.2,,0,16450.0,14.12,2.7460000000000004,1.08,2.9656800000000008,41.87540160000001
17,ivZt15,5fc42b3a18ac7fa60bdd3842,"Invernaderos de Zitácuaro, S. de R.L.",normal tapa,millares,4.0,78800.0,charola,"[0, 0]",32,kraft,104.5,34.8,20.2,,0,19700.0,14.12,2.786,1.1,3.0646000000000004,43.272152000000006
18,ivZt8,5fc42b3a18ac7fa60bdd3843,"Invernaderos de Zitácuaro, S. de R.L.",normal fondo,millares,4.0,65800.0,charola,"[0, 0]",32,kraft,103.5,33.8,20.2,,0,16450.0,14.12,2.7460000000000004,1.08,2.9656800000000008,41.87540160000001
19,ivZt8,5fc42b3a18ac7fa60bdd3843,"Invernaderos de Zitácuaro, S. de R.L.",normal tapa,millares,4.0,78800.0,charola,"[0, 0]",32,kraft,104.5,34.8,20.2,,0,19700.0,14.12,2.786,1.1,3.0646000000000004,43.272152000000006
20,ivZt1,5fc42b3a18ac7fa60bdd3844,"Invernaderos de Zitácuaro, S. de R.L.",normal fondo,millares,4.0,65800.0,charola,"[0, 0]",32,kraft,103.5,33.8,20.2,,0,16450.0,14.12,2.7460000000000004,1.08,2.9656800000000008,41.87540160000001
21,ivZt1,5fc42b3a18ac7fa60bdd3844,"Invernaderos de Zitácuaro, S. de R.L.",normal tapa,millares,4.0,78800.0,charola,"[0, 0]",32,kraft,104.5,34.8,20.2,,0,19700.0,14.12,2.786,1.1,3.0646000000000004,43.272152000000006
22,ivZt-6,5fc42b3a18ac7fa60bdd3845,"Invernaderos de Zitácuaro, S. de R.L.",normal fondo,millares,4.0,65800.0,charola,"[0, 0]",32,kraft,103.5,33.8,20.2,,0,16450.0,14.12,2.7460000000000004,1.08,2.9656800000000008,41.87540160000001
23,ivZt-6,5fc42b3a18ac7fa60bdd3845,"Invernaderos de Zitácuaro, S. de R.L.",normal tapa,millares,4.0,78800.0,charola,"[0, 0]",32,kraft,104.5,34.8,20.2,,0,19700.0,14.12,2.786,1.1,3.0646000000000004,43.272152000000006
24,1IN-00729,5fc4314d18ac7fa60bdd3846,"PLASTONIUM, S.A DE C.V.",3P,millares,1.5,12105.0,caja regular,"[5.5, 1.5]",23,kraft,37.0,33.5,16.9,CIP,0,8070.0,10.85,1.465,1.023,1.4986949999999999,16.26084075
25,0000001780,5fc439c618ac7fa60bdd3848,"Intermuebles Modulares, S.A. de C.V.",CAJA-NOBS3D,millares,0.3,23700.0,caja regular,"[5.5, 1.5]",32,kraft,54.8,48.0,78.0,CIP,0,79000.0,14.12,2.1109999999999998,2.535,5.351385,75.56155619999998
26,368510,5fc94c77eab151fb539d0eaa,CREMERIA COVADONGA S.A. DE C.V.,panela premium suaje,millares,5.0,108425.0,suaje,"[5.5, 1.5]",32,blanco,164.7,61.2,0.0,,1,21685.0,15.01,4.5729999999999995,1.239,5.665947,85.04586447
27,368510,5fc94c77eab151fb539d0eaa,CREMERIA COVADONGA S.A. DE C.V.,panela premium separador,millares,5.0,13600.0,separador,"[0, 0]",26,kraft,29.0,29.0,0.0,,0,2720.0,11.61,1.16,0.58,0.6728,7.811207999999999
28,36853,5fc94c77eab151fb539d0eab,CREMERIA COVADONGA S.A. DE C.V.,panela premium suaje,millares,5.0,108425.0,suaje,"[5.5, 1.5]",32,blanco,164.7,61.2,0.0,,1,21685.0,15.01,4.5729999999999995,1.239,5.665947,85.04586447
29,36853,5fc94c77eab151fb539d0eab,CREMERIA COVADONGA S.A. DE C.V.,panela premium separador,millares,5.0,13600.0,separador,"[0, 0]",26,kraft,29.0,29.0,0.0,,0,2720.0,11.61,1.16,0.58,0.6728,7.811207999999999
30,3685-4,5fc94c77eab151fb539d0eac,CREMERIA COVADONGA S.A. DE C.V.,panela premium suaje,millares,5.0,108425.0,suaje,"[5.5, 1.5]",32,blanco,164.7,61.2,0.0,,1,21685.0,15.01,4.5729999999999995,1.239,5.665947,85.04586447
31,3685-4,5fc94c77eab151fb539d0eac,CREMERIA COVADONGA S.A. DE C.V.,panela premium separador,millares,5.0,13600.0,separador,"[0, 0]",26,kraft,29.0,29.0,0.0,,0,2720.0,11.61,1.16,0.58,0.6728,7.811207999999999
32,3685-11,5fc94c77eab151fb539d0ead,CREMERIA COVADONGA S.A. DE C.V.,panela premium suaje,millares,5.0,108425.0,suaje,"[5.5, 1.5]",32,blanco,164.7,61.2,0.0,,1,21685.0,15.01,4.5729999999999995,1.239,5.665947,85.04586447
33,3685-11,5fc94c77eab151fb539d0ead,CREMERIA COVADONGA S.A. DE C.V.,panela premium separador,millares,5.0,13600.0,separador,"[0, 0]",26,kraft,29.0,29.0,0.0,,0,2720.0,11.61,1.16,0.58,0.6728,7.811207999999999
34,3685-18,5fc94c77eab151fb539d0eae,CREMERIA COVADONGA S.A. DE C.V.,panela premium suaje,millares,5.0,108425.0,suaje,"[5.5, 1.5]",32,blanco,164.7,61.2,0.0,,1,21685.0,15.01,4.5729999999999995,1.239,5.665947,85.04586447
35,3685-18,5fc94c77eab151fb539d0eae,CREMERIA COVADONGA S.A. DE C.V.,panela premium separador,millares,5.0,13600.0,separador,"[0, 0]",26,kraft,29.0,29.0,0.0,,0,2720.0,11.61,1.16,0.58,0.6728,7.811207999999999
36,3685-25,5fc94c77eab151fb539d0eaf,CREMERIA COVADONGA S.A. DE C.V.,panela premium suaje,millares,5.0,108425.0,suaje,"[5.5, 1.5]",32,blanco,164.7,61.2,0.0,,1,21685.0,15.01,4.5729999999999995,1.239,5.665947,85.04586447
37,3685-25,5fc94c77eab151fb539d0eaf,CREMERIA COVADONGA S.A. DE C.V.,panela premium separador,millares,5.0,13600.0,separador,"[0, 0]",26,kraft,29.0,29.0,0.0,,0,2720.0,11.61,1.16,0.58,0.6728,7.811207999999999
38,3685-32,5fc94c78eab151fb539d0eb0,CREMERIA COVADONGA S.A. DE C.V.,panela premium suaje,millares,5.0,108425.0,suaje,"[5.5, 1.5]",32,blanco,164.7,61.2,0.0,,1,21685.0,15.01,4.5729999999999995,1.239,5.665947,85.04586447
39,3685-32,5fc94c78eab151fb539d0eb0,CREMERIA COVADONGA S.A. DE C.V.,panela premium separador,millares,5.0,13600.0,separador,"[0, 0]",26,kraft,29.0,29.0,0.0,,0,2720.0,11.61,1.16,0.58,0.6728,7.811207999999999
40,3685-39,5fc94c78eab151fb539d0eb1,CREMERIA COVADONGA S.A. DE C.V.,panela premium suaje,millares,5.0,108425.0,suaje,"[5.5, 1.5]",32,blanco,164.7,61.2,0.0,,1,21685.0,15.01,4.5729999999999995,1.239,5.665947,85.04586447
41,3685-39,5fc94c78eab151fb539d0eb1,CREMERIA COVADONGA S.A. DE C.V.,panela premium separador,millares,5.0,13600.0,separador,"[0, 0]",26,kraft,29.0,29.0,0.0,,0,2720.0,11.61,1.16,0.58,0.6728,7.811207999999999
42,3685-46,5fc94c78eab151fb539d0eb2,CREMERIA COVADONGA S.A. DE C.V.,panela premium suaje,millares,5.0,108425.0,suaje,"[5.5, 1.5]",32,blanco,164.7,61.2,0.0,,1,21685.0,15.01,4.5729999999999995,1.239,5.665947,85.04586447
43,3685-46,5fc94c78eab151fb539d0eb2,CREMERIA COVADONGA S.A. DE C.V.,panela premium separador,millares,5.0,13600.0,separador,"[0, 0]",26,kraft,29.0,29.0,0.0,,0,2720.0,11.61,1.16,0.58,0.6728,7.811207999999999
44,3685-53,5fc94c78eab151fb539d0eb3,CREMERIA COVADONGA S.A. DE C.V.,panela premium suaje,millares,5.0,108425.0,suaje,"[5.5, 1.5]",32,blanco,164.7,61.2,0.0,,1,21685.0,15.01,4.5729999999999995,1.239,5.665947,85.04586447
45,3685-53,5fc94c78eab151fb539d0eb3,CREMERIA COVADONGA S.A. DE C.V.,panela premium separador,millares,5.0,13600.0,separador,"[0, 0]",26,kraft,29.0,29.0,0.0,,0,2720.0,11.61,1.16,0.58,0.6728,7.811207999999999
46,3685-60,5fc94c78eab151fb539d0eb4,CREMERIA COVADONGA S.A. DE C.V.,panela premium suaje,millares,5.0,108425.0,suaje,"[5.5, 1.5]",32,blanco,164.7,61.2,0.0,,1,21685.0,15.01,4.5729999999999995,1.239,5.665947,85.04586447
47,3685-60,5fc94c78eab151fb539d0eb4,CREMERIA COVADONGA S.A. DE C.V.,panela premium separador,millares,5.0,13600.0,separador,"[0, 0]",26,kraft,29.0,29.0,0.0,,0,2720.0,11.61,1.16,0.58,0.6728,7.811207999999999
48,3685-67,5fc94c78eab151fb539d0eb5,CREMERIA COVADONGA S.A. DE C.V.,panela premium suaje,millares,5.0,108425.0,suaje,"[5.5, 1.5]",32,blanco,164.7,61.2,0.0,,1,21685.0,15.01,4.5729999999999995,1.239,5.665947,85.04586447
49,3685-67,5fc94c78eab151fb539d0eb5,CREMERIA COVADONGA S.A. DE C.V.,panela premium separador,millares,5.0,13600.0,separador,"[0, 0]",26,kraft,29.0,29.0,0.0,,0,2720.0,11.61,1.16,0.58,0.6728,7.811207999999999
50,3685-74,5fc94c78eab151fb539d0eb6,CREMERIA COVADONGA S.A. DE C.V.,panela premium suaje,millares,5.0,108425.0,suaje,"[5.5, 1.5]",32,blanco,164.7,61.2,0.0,,1,21685.0,15.01,4.5729999999999995,1.239,5.665947,85.04586447
51,3685-74,5fc94c78eab151fb539d0eb6,CREMERIA COVADONGA S.A. DE C.V.,panela premium separador,millares,5.0,13600.0,separador,"[0, 0]",26,kraft,29.0,29.0,0.0,,0,2720.0,11.61,1.16,0.58,0.6728,7.811207999999999
52,3685-81,5fc94c78eab151fb539d0eb7,CREMERIA COVADONGA S.A. DE C.V.,panela premium suaje,millares,5.0,108425.0,suaje,"[5.5, 1.5]",32,blanco,164.7,61.2,0.0,,1,21685.0,15.01,4.5729999999999995,1.239,5.665947,85.04586447
53,3685-81,5fc94c78eab151fb539d0eb7,CREMERIA COVADONGA S.A. DE C.V.,panela premium separador,millares,5.0,13600.0,separador,"[0, 0]",26,kraft,29.0,29.0,0.0,,0,2720.0,11.61,1.16,0.58,0.6728,7.811207999999999
54,3685-88,5fc94c78eab151fb539d0eb8,CREMERIA COVADONGA S.A. DE C.V.,panela premium suaje,millares,5.0,108425.0,suaje,"[5.5, 1.5]",32,blanco,164.7,61.2,0.0,,1,21685.0,15.01,4.5729999999999995,1.239,5.665947,85.04586447
55,3685-88,5fc94c78eab151fb539d0eb8,CREMERIA COVADONGA S.A. DE C.V.,panela premium separador,millares,5.0,13600.0,separador,"[0, 0]",26,kraft,29.0,29.0,0.0,,0,2720.0,11.61,1.16,0.58,0.6728,7.811207999999999
56,3685-95,5fc94c78eab151fb539d0eb9,CREMERIA COVADONGA S.A. DE C.V.,panela premium suaje,millares,5.0,108425.0,suaje,"[5.5, 1.5]",32,blanco,164.7,61.2,0.0,,1,21685.0,15.01,4.5729999999999995,1.239,5.665947,85.04586447
57,3685-95,5fc94c78eab151fb539d0eb9,CREMERIA COVADONGA S.A. DE C.V.,panela premium separador,millares,5.0,13600.0,separador,"[0, 0]",26,kraft,29.0,29.0,0.0,,0,2720.0,11.61,1.16,0.58,0.6728,7.811207999999999
58,3685-102,5fc94c78eab151fb539d0eba,CREMERIA COVADONGA S.A. DE C.V.,panela premium suaje,millares,5.0,108425.0,suaje,"[5.5, 1.5]",32,blanco,164.7,61.2,0.0,,1,21685.0,15.01,4.5729999999999995,1.239,5.665947,85.04586447
59,3685-102,5fc94c78eab151fb539d0eba,CREMERIA COVADONGA S.A. DE C.V.,panela premium separador,millares,5.0,13600.0,separador,"[0, 0]",26,kraft,29.0,29.0,0.0,,0,2720.0,11.61,1.16,0.58,0.6728,7.811207999999999
60,3685-109,5fc94c78eab151fb539d0ebb,CREMERIA COVADONGA S.A. DE C.V.,panela premium suaje,millares,5.0,108425.0,suaje,"[5.5, 1.5]",32,blanco,164.7,61.2,0.0,,1,21685.0,15.01,4.5729999999999995,1.239,5.665947,85.04586447
61,3685-109,5fc94c78eab151fb539d0ebb,CREMERIA COVADONGA S.A. DE C.V.,panela premium separador,millares,5.0,13600.0,separador,"[0, 0]",26,kraft,29.0,29.0,0.0,,0,2720.0,11.61,1.16,0.58,0.6728,7.811207999999999
62,3685-116,5fc94c79eab151fb539d0ebc,CREMERIA COVADONGA S.A. DE C.V.,panela premium suaje,millares,5.0,108425.0,suaje,"[5.5, 1.5]",32,blanco,164.7,61.2,0.0,,1,21685.0,15.01,4.5729999999999995,1.239,5.665947,85.04586447
63,3685-116,5fc94c79eab151fb539d0ebc,CREMERIA COVADONGA S.A. DE C.V.,panela premium separador,millares,5.0,13600.0,separador,"[0, 0]",26,kraft,29.0,29.0,0.0,,0,2720.0,11.61,1.16,0.58,0.6728,7.811207999999999
64,3685-123,5fc94c79eab151fb539d0ebd,CREMERIA COVADONGA S.A. DE C.V.,panela premium suaje,millares,5.0,108425.0,suaje,"[5.5, 1.5]",32,blanco,164.7,61.2,0.0,,1,21685.0,15.01,4.5729999999999995,1.239,5.665947,85.04586447
65,3685-123,5fc94c79eab151fb539d0ebd,CREMERIA COVADONGA S.A. DE C.V.,panela premium separador,millares,5.0,13600.0,separador,"[0, 0]",26,kraft,29.0,29.0,0.0,,0,2720.0,11.61,1.16,0.58,0.6728,7.811207999999999
66,3685-130,5fc94c79eab151fb539d0ebe,CREMERIA COVADONGA S.A. DE C.V.,panela premium suaje,millares,5.0,108425.0,suaje,"[5.5, 1.5]",32,blanco,164.7,61.2,0.0,,1,21685.0,15.01,4.5729999999999995,1.239,5.665947,85.04586447
67,3685-130,5fc94c79eab151fb539d0ebe,CREMERIA COVADONGA S.A. DE C.V.,panela premium separador,millares,5.0,13600.0,separador,"[0, 0]",26,kraft,29.0,29.0,0.0,,0,2720.0,11.61,1.16,0.58,0.6728,7.811207999999999
68,3685-137,5fc94c79eab151fb539d0ebf,CREMERIA COVADONGA S.A. DE C.V.,panela premium suaje,millares,5.0,108425.0,suaje,"[5.5, 1.5]",32,blanco,164.7,61.2,0.0,,1,21685.0,15.01,4.5729999999999995,1.239,5.665947,85.04586447
69,3685-137,5fc94c79eab151fb539d0ebf,CREMERIA COVADONGA S.A. DE C.V.,panela premium separador,millares,5.0,13600.0,separador,"[0, 0]",26,kraft,29.0,29.0,0.0,,0,2720.0,11.61,1.16,0.58,0.6728,7.811207999999999
70,3685-144,5fc94c79eab151fb539d0ec0,CREMERIA COVADONGA S.A. DE C.V.,panela premium suaje,millares,5.0,108425.0,suaje,"[5.5, 1.5]",32,blanco,164.7,61.2,0.0,,1,21685.0,15.01,4.5729999999999995,1.239,5.665947,85.04586447
71,3685-144,5fc94c79eab151fb539d0ec0,CREMERIA COVADONGA S.A. DE C.V.,panela premium separador,millares,5.0,13600.0,separador,"[0, 0]",26,kraft,29.0,29.0,0.0,,0,2720.0,11.61,1.16,0.58,0.6728,7.811207999999999
72,3685-151,5fc94c79eab151fb539d0ec1,CREMERIA COVADONGA S.A. DE C.V.,panela premium suaje,millares,5.0,108425.0,suaje,"[5.5, 1.5]",32,blanco,164.7,61.2,0.0,,1,21685.0,15.01,4.5729999999999995,1.239,5.665947,85.04586447
73,3685-151,5fc94c79eab151fb539d0ec1,CREMERIA COVADONGA S.A. DE C.V.,panela premium separador,millares,5.0,13600.0,separador,"[0, 0]",26,kraft,29.0,29.0,0.0,,0,2720.0,11.61,1.16,0.58,0.6728,7.811207999999999
74,3685-158,5fc94c79eab151fb539d0ec2,CREMERIA COVADONGA S.A. DE C.V.,panela premium suaje,millares,5.0,108425.0,suaje,"[5.5, 1.5]",32,blanco,164.7,61.2,0.0,,1,21685.0,15.01,4.5729999999999995,1.239,5.665947,85.04586447
75,3685-158,5fc94c79eab151fb539d0ec2,CREMERIA COVADONGA S.A. DE C.V.,panela premium separador,millares,5.0,13600.0,separador,"[0, 0]",26,kraft,29.0,29.0,0.0,,0,2720.0,11.61,1.16,0.58,0.6728,7.811207999999999
76,3685-165,5fc94c79eab151fb539d0ec3,CREMERIA COVADONGA S.A. DE C.V.,panela premium suaje,millares,5.0,108425.0,suaje,"[5.5, 1.5]",32,blanco,164.7,61.2,0.0,,1,21685.0,15.01,4.5729999999999995,1.239,5.665947,85.04586447
77,3685-165,5fc94c79eab151fb539d0ec3,CREMERIA COVADONGA S.A. DE C.V.,panela premium separador,millares,5.0,13600.0,separador,"[0, 0]",26,kraft,29.0,29.0,0.0,,0,2720.0,11.61,1.16,0.58,0.6728,7.811207999999999
78,3685-172,5fc94c79eab151fb539d0ec4,CREMERIA COVADONGA S.A. DE C.V.,panela premium suaje,millares,5.0,108425.0,suaje,"[5.5, 1.5]",32,blanco,164.7,61.2,0.0,,1,21685.0,15.01,4.5729999999999995,1.239,5.665947,85.04586447
79,3685-172,5fc94c79eab151fb539d0ec4,CREMERIA COVADONGA S.A. DE C.V.,panela premium separador,millares,5.0,13600.0,separador,"[0, 0]",26,kraft,29.0,29.0,0.0,,0,2720.0,11.61,1.16,0.58,0.6728,7.811207999999999
80,3685-179,5fc94c79eab151fb539d0ec5,CREMERIA COVADONGA S.A. DE C.V.,panela premium suaje,millares,5.0,108425.0,suaje,"[5.5, 1.5]",32,blanco,164.7,61.2,0.0,,1,21685.0,15.01,4.5729999999999995,1.239,5.665947,85.04586447
81,3685-179,5fc94c79eab151fb539d0ec5,CREMERIA COVADONGA S.A. DE C.V.,panela premium separador,millares,5.0,13600.0,separador,"[0, 0]",26,kraft,29.0,29.0,0.0,,0,2720.0,11.61,1.16,0.58,0.6728,7.811207999999999
82,3685-186,5fc94c79eab151fb539d0ec6,CREMERIA COVADONGA S.A. DE C.V.,panela premium suaje,millares,5.0,108425.0,suaje,"[5.5, 1.5]",32,blanco,164.7,61.2,0.0,,1,21685.0,15.01,4.5729999999999995,1.239,5.665947,85.04586447
83,3685-186,5fc94c79eab151fb539d0ec6,CREMERIA COVADONGA S.A. DE C.V.,panela premium separador,millares,5.0,13600.0,separador,"[0, 0]",26,kraft,29.0,29.0,0.0,,0,2720.0,11.61,1.16,0.58,0.6728,7.811207999999999
84,3685-193,5fc94c7aeab151fb539d0ec7,CREMERIA COVADONGA S.A. DE C.V.,panela premium suaje,millares,5.0,108425.0,suaje,"[5.5, 1.5]",32,blanco,164.7,61.2,0.0,,1,21685.0,15.01,4.5729999999999995,1.239,5.665947,85.04586447
85,3685-193,5fc94c7aeab151fb539d0ec7,CREMERIA COVADONGA S.A. DE C.V.,panela premium separador,millares,5.0,13600.0,separador,"[0, 0]",26,kraft,29.0,29.0,0.0,,0,2720.0,11.61,1.16,0.58,0.6728,7.811207999999999
86,3685-200,5fc94c7aeab151fb539d0ec8,CREMERIA COVADONGA S.A. DE C.V.,panela premium suaje,millares,5.0,108425.0,suaje,"[5.5, 1.5]",32,blanco,164.7,61.2,0.0,,1,21685.0,15.01,4.5729999999999995,1.239,5.665947,85.04586447
87,3685-200,5fc94c7aeab151fb539d0ec8,CREMERIA COVADONGA S.A. DE C.V.,panela premium separador,millares,5.0,13600.0,separador,"[0, 0]",26,kraft,29.0,29.0,0.0,,0,2720.0,11.61,1.16,0.58,0.6728,7.811207999999999
88,3685-207,5fc94c7aeab151fb539d0ec9,CREMERIA COVADONGA S.A. DE C.V.,panela premium suaje,millares,5.0,108425.0,suaje,"[5.5, 1.5]",32,blanco,164.7,61.2,0.0,,1,21685.0,15.01,4.5729999999999995,1.239,5.665947,85.04586447
89,3685-207,5fc94c7aeab151fb539d0ec9,CREMERIA COVADONGA S.A. DE C.V.,panela premium separador,millares,5.0,13600.0,separador,"[0, 0]",26,kraft,29.0,29.0,0.0,,0,2720.0,11.61,1.16,0.58,0.6728,7.811207999999999
90,3685-214,5fc94c7aeab151fb539d0eca,CREMERIA COVADONGA S.A. DE C.V.,panela premium suaje,millares,5.0,108425.0,suaje,"[5.5, 1.5]",32,blanco,164.7,61.2,0.0,,1,21685.0,15.01,4.5729999999999995,1.239,5.665947,85.04586447
91,3685-214,5fc94c7aeab151fb539d0eca,CREMERIA COVADONGA S.A. DE C.V.,panela premium separador,millares,5.0,13600.0,separador,"[0, 0]",26,kraft,29.0,29.0,0.0,,0,2720.0,11.61,1.16,0.58,0.6728,7.811207999999999
92,3685-221,5fc94c7aeab151fb539d0ecb,CREMERIA COVADONGA S.A. DE C.V.,panela premium suaje,millares,5.0,108425.0,suaje,"[5.5, 1.5]",32,blanco,164.7,61.2,0.0,,1,21685.0,15.01,4.5729999999999995,1.239,5.665947,85.04586447
93,3685-221,5fc94c7aeab151fb539d0ecb,CREMERIA COVADONGA S.A. DE C.V.,panela premium separador,millares,5.0,13600.0,separador,"[0, 0]",26,kraft,29.0,29.0,0.0,,0,2720.0,11.61,1.16,0.58,0.6728,7.811207999999999
94,3685-228,5fc94c7aeab151fb539d0ecc,CREMERIA COVADONGA S.A. DE C.V.,panela premium suaje,millares,5.0,108425.0,suaje,"[5.5, 1.5]",32,blanco,164.7,61.2,0.0,,1,21685.0,15.01,4.5729999999999995,1.239,5.665947,85.04586447
95,3685-228,5fc94c7aeab151fb539d0ecc,CREMERIA COVADONGA S.A. DE C.V.,panela premium separador,millares,5.0,13600.0,separador,"[0, 0]",26,kraft,29.0,29.0,0.0,,0,2720.0,11.61,1.16,0.58,0.6728,7.811207999999999
96,3685-235,5fc94c7aeab151fb539d0ecd,CREMERIA COVADONGA S.A. DE C.V.,panela premium suaje,millares,5.0,108425.0,suaje,"[5.5, 1.5]",32,blanco,164.7,61.2,0.0,,1,21685.0,15.01,4.5729999999999995,1.239,5.665947,85.04586447
97,3685-235,5fc94c7aeab151fb539d0ecd,CREMERIA COVADONGA S.A. DE C.V.,panela premium separador,millares,5.0,13600.0,separador,"[0, 0]",26,kraft,29.0,29.0,0.0,,0,2720.0,11.61,1.16,0.58,0.6728,7.811207999999999
98,3685-242,5fc94c7aeab151fb539d0ece,CREMERIA COVADONGA S.A. DE C.V.,panela premium suaje,millares,5.0,108425.0,suaje,"[5.5, 1.5]",32,blanco,164.7,61.2,0.0,,1,21685.0,15.01,4.5729999999999995,1.239,5.665947,85.04586447
99,3685-242,5fc94c7aeab151fb539d0ece,CREMERIA COVADONGA S.A. DE C.V.,panela premium separador,millares,5.0,13600.0,separador,"[0, 0]",26,kraft,29.0,29.0,0.0,,0,2720.0,11.61,1.16,0.58,0.6728,7.811207999999999
100,3685-249,5fc94c7aeab151fb539d0ecf,CREMERIA COVADONGA S.A. DE C.V.,panela premium suaje,millares,5.0,108425.0,suaje,"[5.5, 1.5]",32,blanco,164.7,61.2,0.0,,1,21685.0,15.01,4.5729999999999995,1.239,5.665947,85.04586447
101,3685-249,5fc94c7aeab151fb539d0ecf,CREMERIA COVADONGA S.A. DE C.V.,panela premium separador,millares,5.0,13600.0,separador,"[0, 0]",26,kraft,29.0,29.0,0.0,,0,2720.0,11.61,1.16,0.58,0.6728,7.811207999999999
102,3685-256,5fc94c7aeab151fb539d0ed0,CREMERIA COVADONGA S.A. DE C.V.,panela premium suaje,millares,5.0,108425.0,suaje,"[5.5, 1.5]",32,blanco,164.7,61.2,0.0,,1,21685.0,15.01,4.5729999999999995,1.239,5.665947,85.04586447
103,3685-256,5fc94c7aeab151fb539d0ed0,CREMERIA COVADONGA S.A. DE C.V.,panela premium separador,millares,5.0,13600.0,separador,"[0, 0]",26,kraft,29.0,29.0,0.0,,0,2720.0,11.61,1.16,0.58,0.6728,7.811207999999999
104,3685-263,5fc94c7aeab151fb539d0ed1,CREMERIA COVADONGA S.A. DE C.V.,panela premium suaje,millares,5.0,108425.0,suaje,"[5.5, 1.5]",32,blanco,164.7,61.2,0.0,,1,21685.0,15.01,4.5729999999999995,1.239,5.665947,85.04586447
105,3685-263,5fc94c7aeab151fb539d0ed1,CREMERIA COVADONGA S.A. DE C.V.,panela premium separador,millares,5.0,13600.0,separador,"[0, 0]",26,kraft,29.0,29.0,0.0,,0,2720.0,11.61,1.16,0.58,0.6728,7.811207999999999
106,3685-270,5fc94c7aeab151fb539d0ed2,CREMERIA COVADONGA S.A. DE C.V.,panela premium suaje,millares,5.0,108425.0,suaje,"[5.5, 1.5]",32,blanco,164.7,61.2,0.0,,1,21685.0,15.01,4.5729999999999995,1.239,5.665947,85.04586447
107,3685-270,5fc94c7aeab151fb539d0ed2,CREMERIA COVADONGA S.A. DE C.V.,panela premium separador,millares,5.0,13600.0,separador,"[0, 0]",26,kraft,29.0,29.0,0.0,,0,2720.0,11.61,1.16,0.58,0.6728,7.811207999999999
108,3685-277,5fc94c7beab151fb539d0ed3,CREMERIA COVADONGA S.A. DE C.V.,panela premium suaje,millares,5.0,108425.0,suaje,"[5.5, 1.5]",32,blanco,164.7,61.2,0.0,,1,21685.0,15.01,4.5729999999999995,1.239,5.665947,85.04586447
109,3685-277,5fc94c7beab151fb539d0ed3,CREMERIA COVADONGA S.A. DE C.V.,panela premium separador,millares,5.0,13600.0,separador,"[0, 0]",26,kraft,29.0,29.0,0.0,,0,2720.0,11.61,1.16,0.58,0.6728,7.811207999999999
110,3685-284,5fc94c7beab151fb539d0ed4,CREMERIA COVADONGA S.A. DE C.V.,panela premium suaje,millares,5.0,108425.0,suaje,"[5.5, 1.5]",32,blanco,164.7,61.2,0.0,,1,21685.0,15.01,4.5729999999999995,1.239,5.665947,85.04586447
111,3685-284,5fc94c7beab151fb539d0ed4,CREMERIA COVADONGA S.A. DE C.V.,panela premium separador,millares,5.0,13600.0,separador,"[0, 0]",26,kraft,29.0,29.0,0.0,,0,2720.0,11.61,1.16,0.58,0.6728,7.811207999999999
112,3685-291,5fc94c7beab151fb539d0ed5,CREMERIA COVADONGA S.A. DE C.V.,panela premium suaje,millares,5.0,108425.0,suaje,"[5.5, 1.5]",32,blanco,164.7,61.2,0.0,,1,21685.0,15.01,4.5729999999999995,1.239,5.665947,85.04586447
113,3685-291,5fc94c7beab151fb539d0ed5,CREMERIA COVADONGA S.A. DE C.V.,panela premium separador,millares,5.0,13600.0,separador,"[0, 0]",26,kraft,29.0,29.0,0.0,,0,2720.0,11.61,1.16,0.58,0.6728,7.811207999999999
114,3685-298,5fc94c7beab151fb539d0ed6,CREMERIA COVADONGA S.A. DE C.V.,panela premium suaje,millares,5.0,108425.0,suaje,"[5.5, 1.5]",32,blanco,164.7,61.2,0.0,,1,21685.0,15.01,4.5729999999999995,1.239,5.665947,85.04586447
115,3685-298,5fc94c7beab151fb539d0ed6,CREMERIA COVADONGA S.A. DE C.V.,panela premium separador,millares,5.0,13600.0,separador,"[0, 0]",26,kraft,29.0,29.0,0.0,,0,2720.0,11.61,1.16,0.58,0.6728,7.811207999999999
116,3685-305,5fc94c7beab151fb539d0ed7,CREMERIA COVADONGA S.A. DE C.V.,panela premium suaje,millares,5.0,108425.0,suaje,"[5.5, 1.5]",32,blanco,164.7,61.2,0.0,,1,21685.0,15.01,4.5729999999999995,1.239,5.665947,85.04586447
117,3685-305,5fc94c7beab151fb539d0ed7,CREMERIA COVADONGA S.A. DE C.V.,panela premium separador,millares,5.0,13600.0,separador,"[0, 0]",26,kraft,29.0,29.0,0.0,,0,2720.0,11.61,1.16,0.58,0.6728,7.811207999999999
118,3685-312,5fc94c7beab151fb539d0ed8,CREMERIA COVADONGA S.A. DE C.V.,panela premium suaje,millares,5.0,108425.0,suaje,"[5.5, 1.5]",32,blanco,164.7,61.2,0.0,,1,21685.0,15.01,4.5729999999999995,1.239,5.665947,85.04586447
119,3685-312,5fc94c7beab151fb539d0ed8,CREMERIA COVADONGA S.A. DE C.V.,panela premium separador,millares,5.0,13600.0,separador,"[0, 0]",26,kraft,29.0,29.0,0.0,,0,2720.0,11.61,1.16,0.58,0.6728,7.811207999999999
120,3685-319,5fc94c7beab151fb539d0ed9,CREMERIA COVADONGA S.A. DE C.V.,panela premium suaje,millares,5.0,108425.0,suaje,"[5.5, 1.5]",32,blanco,164.7,61.2,0.0,,1,21685.0,15.01,4.5729999999999995,1.239,5.665947,85.04586447
121,3685-319,5fc94c7beab151fb539d0ed9,CREMERIA COVADONGA S.A. DE C.V.,panela premium separador,millares,5.0,13600.0,separador,"[0, 0]",26,kraft,29.0,29.0,0.0,,0,2720.0,11.61,1.16,0.58,0.6728,7.811207999999999
122,3685-326,5fc94c7beab151fb539d0eda,CREMERIA COVADONGA S.A. DE C.V.,panela premium suaje,millares,5.0,108425.0,suaje,"[5.5, 1.5]",32,blanco,164.7,61.2,0.0,,1,21685.0,15.01,4.5729999999999995,1.239,5.665947,85.04586447
123,3685-326,5fc94c7beab151fb539d0eda,CREMERIA COVADONGA S.A. DE C.V.,panela premium separador,millares,5.0,13600.0,separador,"[0, 0]",26,kraft,29.0,29.0,0.0,,0,2720.0,11.61,1.16,0.58,0.6728,7.811207999999999
124,3685-333,5fc94c7beab151fb539d0edb,CREMERIA COVADONGA S.A. DE C.V.,panela premium suaje,millares,5.0,108425.0,suaje,"[5.5, 1.5]",32,blanco,164.7,61.2,0.0,,1,21685.0,15.01,4.5729999999999995,1.239,5.665947,85.04586447
125,3685-333,5fc94c7beab151fb539d0edb,CREMERIA COVADONGA S.A. DE C.V.,panela premium separador,millares,5.0,13600.0,separador,"[0, 0]",26,kraft,29.0,29.0,0.0,,0,2720.0,11.61,1.16,0.58,0.6728,7.811207999999999
126,3685-340,5fc94c7beab151fb539d0edc,CREMERIA COVADONGA S.A. DE C.V.,panela premium suaje,millares,5.0,108425.0,suaje,"[5.5, 1.5]",32,blanco,164.7,61.2,0.0,,1,21685.0,15.01,4.5729999999999995,1.239,5.665947,85.04586447
127,3685-340,5fc94c7beab151fb539d0edc,CREMERIA COVADONGA S.A. DE C.V.,panela premium separador,millares,5.0,13600.0,separador,"[0, 0]",26,kraft,29.0,29.0,0.0,,0,2720.0,11.61,1.16,0.58,0.6728,7.811207999999999
128,3685-347,5fc94c7beab151fb539d0edd,CREMERIA COVADONGA S.A. DE C.V.,panela premium suaje,millares,5.0,108425.0,suaje,"[5.5, 1.5]",32,blanco,164.7,61.2,0.0,,1,21685.0,15.01,4.5729999999999995,1.239,5.665947,85.04586447
129,3685-347,5fc94c7beab151fb539d0edd,CREMERIA COVADONGA S.A. DE C.V.,panela premium separador,millares,5.0,13600.0,separador,"[0, 0]",26,kraft,29.0,29.0,0.0,,0,2720.0,11.61,1.16,0.58,0.6728,7.811207999999999
130,3685-354,5fc94c7ceab151fb539d0ede,CREMERIA COVADONGA S.A. DE C.V.,panela premium suaje,millares,5.0,108425.0,suaje,"[5.5, 1.5]",32,blanco,164.7,61.2,0.0,,1,21685.0,15.01,4.5729999999999995,1.239,5.665947,85.04586447
131,3685-354,5fc94c7ceab151fb539d0ede,CREMERIA COVADONGA S.A. DE C.V.,panela premium separador,millares,5.0,13600.0,separador,"[0, 0]",26,kraft,29.0,29.0,0.0,,0,2720.0,11.61,1.16,0.58,0.6728,7.811207999999999
132,0000001449,5fc951a8eab151fb539d0ee0,"Intermuebles Modulares, S.A. de C.V.",CAJACHAROLAOW1D,millares,0.4,8800.0,charola,"[0, 0]",32,kraft,61.4,59.1,18.3,,0,22000.0,14.12,2.41,1.548,3.7306800000000004,52.677201600000004
133,0000001449,5fc951a8eab151fb539d0ee0,"Intermuebles Modulares, S.A. de C.V.",CAJAOW2D2,millares,0.4,24600.0,caja regular,"[5.5, 1.5]",32,kraft,77.8,61.5,200.0,CIP,0,123000.0,14.12,2.841,5.245,14.901045000000002,210.40275540000002
134,0000001449,5fc951a8eab151fb539d0ee0,"Intermuebles Modulares, S.A. de C.V.",CAJAOW1D2D,millares,0.2,21200.0,caja regular,"[5.5, 1.5]",32,kraft,60.0,57.0,200.0,CIP,0,106000.0,14.12,2.395,5.155,12.346225,174.328697
135,0000001449,5fc951a8eab151fb539d0ee0,"Intermuebles Modulares, S.A. de C.V.",CAJACHAROLALOW2D2,millares,0.4,10400.0,charola,"[0, 0]",32,kraft,79.2,63.6,18.3,,0,26000.0,14.12,2.8560000000000003,1.6380000000000001,4.678128000000001,66.05516736000001
136,0000001794,5fc954cfeab151fb539d0ee1,"Intermuebles Modulares, S.A. de C.V.",CAJA-NOBS3D,millares,0.6,47400.0,caja regular,"[5.5, 1.5]",32,kraft,54.8,48.0,78.0,CIP,0,79000.0,14.12,2.1109999999999998,2.535,5.351385,75.56155619999998
137,0000001816,5fc955d6eab151fb539d0ee2,"Intermuebles Modulares, S.A. de C.V.",CAJA-NOBS3D,millares,0.3,23700.0,caja regular,"[5.5, 1.5]",32,kraft,54.8,48.0,78.0,CIP,0,79000.0,14.12,2.1109999999999998,2.535,5.351385,75.56155619999998
138,0000001816,5fc955d6eab151fb539d0ee2,"Intermuebles Modulares, S.A. de C.V.",CAJA-NOC4D,millares,0.3,31500.0,caja regular,"[5.5, 1.5]",32,kraft,74.8,48.0,97.0,CIP,0,105000.0,14.12,2.511,2.915,7.319565000000001,103.3522578
139,0000001731,5fc980408e8ca1720f06b590,"Intermuebles Modulares, S.A. de C.V.",CAJA-NOBS3D,millares,0.5,39500.0,caja regular,"[5.5, 1.5]",32,kraft,54.8,48.0,78.0,CIP,0,79000.0,14.12,2.1109999999999998,2.535,5.351385,75.56155619999998
140,0000001731,5fc980408e8ca1720f06b590,"Intermuebles Modulares, S.A. de C.V.",CAJAOC3D,millares,0.2,18600.0,caja regular,"[5.5, 1.5]",32,kraft,74.8,48.0,78.0,CIP,0,93000.0,14.12,2.511,2.535,6.365385000000001,89.87923620000001
141,0000001731,5fc980408e8ca1720f06b590,"Intermuebles Modulares, S.A. de C.V.",CAJA-NOC4D,millares,0.2,21000.0,caja regular,"[5.5, 1.5]",32,kraft,74.8,48.0,97.0,CIP,0,105000.0,14.12,2.511,2.915,7.319565000000001,103.3522578
142,0000001731,5fc980408e8ca1720f06b590,"Intermuebles Modulares, S.A. de C.V.",CAJAOW1D2D,millares,0.2,21200.0,caja regular,"[5.5, 1.5]",32,kraft,60.0,57.0,200.0,CIP,0,106000.0,14.12,2.395,5.155,12.346225,174.328697
143,0000001731,5fc980408e8ca1720f06b590,"Intermuebles Modulares, S.A. de C.V.",CAJACHAROLAOW1D,millares,0.4,8800.0,charola,"[0, 0]",32,kraft,61.4,59.1,18.3,,0,22000.0,14.12,2.41,1.548,3.7306800000000004,52.677201600000004
144,0000001012,5fc989488e8ca1720f06b591,"Intermuebles Modulares, S.A. de C.V.",CAJA-NOBS3D,millares,0.6,47400.0,caja regular,"[5.5, 1.5]",32,kraft,54.8,48.0,78.0,CIP,0,79000.0,14.12,2.1109999999999998,2.535,5.351385,75.56155619999998
145,0000001137,5fc98ea98e8ca1720f06b592,"Intermuebles Modulares, S.A. de C.V.",CAJAOC3D,millares,0.2,18600.0,caja regular,"[5.5, 1.5]",32,kraft,74.8,48.0,78.0,CIP,0,93000.0,14.12,2.511,2.535,6.365385000000001,89.87923620000001
146,0000001141,5fc98f748e8ca1720f06b593,"Intermuebles Modulares, S.A. de C.V.",CAJA-NOC4D,millares,0.3,31500.0,caja regular,"[5.5, 1.5]",32,kraft,74.8,48.0,97.0,CIP,0,105000.0,14.12,2.511,2.915,7.319565000000001,103.3522578
147,0000001246,5fc990128e8ca1720f06b594,"Intermuebles Modulares, S.A. de C.V.",CAJA-NOBS3D,millares,0.2,15800.0,caja regular,"[5.5, 1.5]",32,kraft,54.8,48.0,78.0,CIP,0,79000.0,14.12,2.1109999999999998,2.535,5.351385,75.56155619999998
148,0000001246,5fc990128e8ca1720f06b594,"Intermuebles Modulares, S.A. de C.V.",CAJA-NOC4D,millares,0.2,21000.0,caja regular,"[5.5, 1.5]",32,kraft,74.8,48.0,97.0,CIP,0,105000.0,14.12,2.511,2.915,7.319565000000001,103.3522578
149,0000001057,5fc992738e8ca1720f06b595,"Intermuebles Modulares, S.A. de C.V.",CAJA-NOBS3D,millares,0.6,47400.0,caja regular,"[5.5, 1.5]",32,kraft,54.8,48.0,78.0,CIP,0,79000.0,14.12,2.1109999999999998,2.535,5.351385,75.56155619999998
150,0000001428,5fc9950f8e8ca1720f06b596,"Intermuebles Modulares, S.A. de C.V.",CAJA-NOBS3D,millares,0.5,39500.0,caja regular,"[5.5, 1.5]",32,kraft,54.8,48.0,78.0,CIP,0,79000.0,14.12,2.1109999999999998,2.535,5.351385,75.56155619999998
151,0000001428,5fc9950f8e8ca1720f06b596,"Intermuebles Modulares, S.A. de C.V.",CAJA-NOC4D,millares,0.2,21000.0,caja regular,"[5.5, 1.5]",32,kraft,74.8,48.0,97.0,CIP,0,105000.0,14.12,2.511,2.915,7.319565000000001,103.3522578
152,24338,5fcb94784124c8597eb6c8c1,LOQUAY. S.A.,CJ90,millares,2.0,5512.0,caja regular,"[5.5, 1.5]",29,kraft,20.0,10.4,18.5,CIP,0,2756.0,13.25,0.6629999999999999,0.593,0.3931589999999999,5.209356749999999
153,24336,5fcb94d64124c8597eb6c8c2,LOQUAY. S.A.,CJ08,millares,2.0,11690.0,caja regular,"[5.5, 1.5]",29,kraft,28.0,21.2,18.5,CIP,0,5845.0,13.25,1.0390000000000001,0.809,0.8405510000000002,11.137300750000001
154,24154,5fcb95514124c8597eb6c8c3,LOQUAY. S.A.,CJ42,millares,5.0,30890.0,caja regular,"[5.5, 1.5]",29,kraft,25.2,23.5,19.0,CIP,0,6178.0,13.25,1.0290000000000001,0.865,0.8900850000000001,11.79362625
155,24153,5fcb95854124c8597eb6c8c4,LOQUAY. S.A.,CJ42,millares,5.0,30890.0,caja regular,"[5.5, 1.5]",29,kraft,25.2,23.5,19.0,CIP,0,6178.0,13.25,1.0290000000000001,0.865,0.8900850000000001,11.79362625
156,24152,5fcb95d34124c8597eb6c8c5,LOQUAY. S.A.,CJ61,millares,3.0,16536.0,caja regular,"[5.5, 1.5]",29,kraft,29.0,20.5,16.3,CIP,0,5512.0,13.25,1.045,0.7509999999999999,0.7847949999999998,10.398533749999997
157,24151,5fcb97504124c8597eb6c8c6,LOQUAY. S.A.,CJ60,millares,3.0,16536.0,caja regular,"[5.5, 1.5]",29,kraft,29.0,20.5,16.3,CIP,0,5512.0,13.25,1.045,0.7509999999999999,0.7847949999999998,10.398533749999997
158,1IN-00731,5fcba7404124c8597eb6c8c7,"PLASTONIUM, S.A DE C.V.",6P,millares,2.0,23600.0,caja regular,"[5.5, 1.5]",36,kraft,34.0,34.0,19.2,CIP,0,11800.0,14.64,1.415,1.079,1.526785,22.352132400000002
159,1IN-00735,5fcba82c4124c8597eb6c8c9,"PLASTONIUM, S.A DE C.V.",7P,millares,2.5,19375.0,caja regular,"[5.5, 1.5]",36,kraft,35.2,18.2,16.5,CIP,0,7750.0,14.64,1.1230000000000002,0.7090000000000001,0.7962070000000002,11.656470480000003
160,1IN-00735,5fcba82c4124c8597eb6c8c9,"PLASTONIUM, S.A DE C.V.",1P,millares,2.5,20175.0,caja regular,"[5.5, 1.5]",23,kraft,35.5,18.2,23.4,CIP,0,8070.0,10.85,1.129,0.8469999999999999,0.9562629999999999,10.375453549999998
161,1IN-00748,5fcba9ff4124c8597eb6c8ca,"PLASTONIUM, S.A DE C.V.",2AP,millares,2.5,4475.0,caja regular,"[5.5, 1.5]",38,kraft,36.0,36.0,27.5,CIP,0,1790.0,16.18,1.495,1.285,1.921075,31.0829935
162,1IN-00748,5fcba9ff4124c8597eb6c8ca,"PLASTONIUM, S.A DE C.V.",4P,millares,2.5,24250.0,caja regular,"[5.5, 1.5]",23,kraft,47.0,32.0,22.7,CIP,0,9700.0,10.85,1.635,1.109,1.813215,19.67338275
163,1IN-00748,5fcba9ff4124c8597eb6c8ca,"PLASTONIUM, S.A DE C.V.",6P,millares,4.0,4720.0,caja regular,"[5.5, 1.5]",36,kraft,34.0,34.0,19.2,CIP,0,1180.0,14.64,1.415,1.079,1.526785,22.352132400000002
164,1IN-00748,5fcba9ff4124c8597eb6c8ca,"PLASTONIUM, S.A DE C.V.",3P,millares,4.0,32280.0,caja regular,"[5.5, 1.5]",23,kraft,37.0,33.5,16.9,CIP,0,8070.0,10.85,1.465,1.023,1.4986949999999999,16.26084075
165,1IN-00752,5fcbad074124c8597eb6c8cb,"PLASTONIUM, S.A DE C.V.",6P,millares,4.0,4720.0,caja regular,"[5.5, 1.5]",36,kraft,34.0,34.0,19.2,CIP,0,1180.0,14.64,1.415,1.079,1.526785,22.352132400000002
166,0000001138,5fcbc19d4124c8597eb6c8cc,"Intermuebles Modulares, S.A. de C.V.",CAJAOW1D2D,millares,0.1,10600.0,caja regular,"[5.5, 1.5]",32,kraft,60.0,57.0,200.0,CIP,0,106000.0,14.12,2.395,5.155,12.346225,174.328697
167,0000000031,5fcbc61f4124c8597eb6c8cd,"Intermuebles Modulares, S.A. de C.V.",CAJA35BWBE,millares,1.125,30375.0,suaje,"[5.5, 1.5]",32,kraft,86.3,95.7,0.0,,0,27000.0,14.12,3.695,1.929,7.127655,100.6424886
168,0000000166,5fcbc73d4124c8597eb6c8ce,"Intermuebles Modulares, S.A. de C.V.",CAJA35BWBE,millares,4.0,108000.0,suaje,"[5.5, 1.5]",32,kraft,86.3,95.7,0.0,,0,27000.0,14.12,3.695,1.929,7.127655,100.6424886
169,0000000166,5fcbc73d4124c8597eb6c8ce,"Intermuebles Modulares, S.A. de C.V.",CAJA-NOBS3D,millares,0.4,31600.0,caja regular,"[5.5, 1.5]",32,kraft,54.8,48.0,78.0,CIP,0,79000.0,14.12,2.1109999999999998,2.535,5.351385,75.56155619999998
170,0000000167,5fcbc8fa4124c8597eb6c8cf,"Intermuebles Modulares, S.A. de C.V.",CAJA35BWBE,millares,7.0,189000.0,suaje,"[5.5, 1.5]",32,kraft,86.3,95.7,0.0,,0,27000.0,14.12,3.695,1.929,7.127655,100.6424886
171,0000000167,5fcbc8fa4124c8597eb6c8cf,"Intermuebles Modulares, S.A. de C.V.",CAJA-NOBS3D,millares,0.5,39500.0,caja regular,"[5.5, 1.5]",32,kraft,54.8,48.0,78.0,CIP,0,79000.0,14.12,2.1109999999999998,2.535,5.351385,75.56155619999998
172,0000000167,5fcbc8fa4124c8597eb6c8cf,"Intermuebles Modulares, S.A. de C.V.",CAJAOC3D,millares,0.2,18600.0,caja regular,"[5.5, 1.5]",32,kraft,74.8,48.0,78.0,CIP,0,93000.0,14.12,2.511,2.535,6.365385000000001,89.87923620000001
173,0000000167,5fcbc8fa4124c8597eb6c8cf,"Intermuebles Modulares, S.A. de C.V.",CAJA-NOC4D,millares,0.2,21000.0,caja regular,"[5.5, 1.5]",32,kraft,74.8,48.0,97.0,CIP,0,105000.0,14.12,2.511,2.915,7.319565000000001,103.3522578
174,24150,5fcbd5aa4124c8597eb6c8d1,LOQUAY. S.A.,CJ98,millares,2.5,12115.0,caja regular,"[5.5, 1.5]",29,kraft,32.3,18.5,13.3,CIP,0,4846.0,13.25,1.071,0.6509999999999999,0.6972209999999999,9.238178249999999
175,24147,5fcbd6604124c8597eb6c8d2,LOQUAY. S.A.,CJ85,millares,3.0,11232.0,caja regular,"[5.5, 1.5]",29,kraft,19.6,15.0,20.0,CIP,0,3744.0,13.25,0.747,0.715,0.5341049999999999,7.076891249999999
176,24146,5fcbd6894124c8597eb6c8d3,LOQUAY. S.A.,CJ85,millares,3.0,11232.0,caja regular,"[5.5, 1.5]",29,kraft,19.6,15.0,20.0,CIP,0,3744.0,13.25,0.747,0.715,0.5341049999999999,7.076891249999999
177,24145,5fcbd6bd4124c8597eb6c8d4,LOQUAY. S.A.,CJ249,millares,3.0,30264.0,caja regular,"[5.5, 1.5]",36,kraft,32.8,25.0,25.3,CIG,0,10088.0,14.64,1.2109999999999999,1.021,1.2364309999999998,18.101349839999997
178,24144,5fcbd7034124c8597eb6c8d5,LOQUAY. S.A.,CJ67,millares,3.0,12573.0,caja regular,"[7, 2.7]",29,kraft,26.3,17.8,13.2,CIP,0,4191.0,13.25,0.9520000000000001,0.647,0.615944,8.161258
179,24143,5fcbd7344124c8597eb6c8d6,LOQUAY. S.A.,CJ67,millares,3.0,12573.0,caja regular,"[7, 2.7]",29,kraft,26.3,17.8,13.2,CIP,0,4191.0,13.25,0.9520000000000001,0.647,0.615944,8.161258
180,24155,5fcbd7884124c8597eb6c8d7,LOQUAY. S.A.,CJ247,millares,2.0,27664.0,caja en dos piezas,"[7, 2.7]",32,kraft,44.3,32.0,14.5,CIP,0,13832.0,,1.5959999999999999,0.9570000000000001,1.527372,
181,24141,5fcbd8574124c8597eb6c8d8,LOQUAY. S.A.,CJ07,millares,2.5,35282.5,caja regular,"[5.5, 1.5]",32,kraft,33.8,30.8,30.0,CIG,0,14113.0,14.12,1.347,1.2309999999999999,1.6581569999999999,23.41317684
182,24160,5fcbd89d4124c8597eb6c8d9,LOQUAY. S.A.,CJ05,millares,3.5,42042.0,caja regular,"[5.5, 1.5]",36,kraft,30.5,30.5,27.0,CIG,0,12012.0,14.64,1.275,1.165,1.485375,21.74589
183,24148,5fcbd8f14124c8597eb6c8da,LOQUAY. S.A.,CJ186,millares,3.0,9267.0,caja regular,"[5.5, 1.5]",29,kraft,19.0,12.7,18.6,CIP,0,3089.0,13.25,0.6890000000000001,0.6409999999999999,0.44164899999999996,5.851849249999999
184,24149,5fcbd9794124c8597eb6c8db,LOQUAY. S.A.,CJ227,millares,2.0,10108.0,caja regular,"[5.5, 1.5]",29,kraft,34.0,18.2,14.7,CIG,0,5054.0,13.25,1.099,0.6729999999999999,0.7396269999999999,9.800057749999999
185,23376,5fcbda734124c8597eb6c8dc,LOQUAY. S.A.,CJ04,millares,2.5,25220.0,caja regular,"[5.5, 1.5]",36,kraft,32.3,24.5,27.5,CIP,0,10088.0,14.64,1.1909999999999998,1.055,1.2565049999999998,18.395233199999996
186,23377,5fcbdabf4124c8597eb6c8dd,LOQUAY. S.A.,CJ05,millares,3.5,42042.0,caja regular,"[5.5, 1.5]",36,kraft,30.5,30.5,27.0,CIG,0,12012.0,14.64,1.275,1.165,1.485375,21.74589
187,23378,5fcbdb324124c8597eb6c8de,LOQUAY. S.A.,CJ07,millares,2.5,35282.5,caja regular,"[5.5, 1.5]",32,kraft,33.8,30.8,30.0,CIG,0,14113.0,14.12,1.347,1.2309999999999999,1.6581569999999999,23.41317684
188,23379,5fcbdb584124c8597eb6c8df,LOQUAY. S.A.,CJ08,millares,2.5,14612.5,caja regular,"[5.5, 1.5]",29,kraft,28.0,21.2,18.5,CIP,0,5845.0,13.25,1.0390000000000001,0.809,0.8405510000000002,11.137300750000001
189,23380,5fcbdbe94124c8597eb6c8e0,LOQUAY. S.A.,CJ09,millares,2.5,33357.5,caja regular,"[5.5, 1.5]",36,kraft,48.3,33.5,14.5,CIG,0,13343.0,14.64,1.6909999999999998,0.975,1.6487249999999998,24.137334
190,23381,5fcbdc144124c8597eb6c8e1,LOQUAY. S.A.,CJ67,millares,7.0,29337.0,caja regular,"[7, 2.7]",29,kraft,26.3,17.8,13.2,CIP,0,4191.0,13.25,0.9520000000000001,0.647,0.615944,8.161258
191,23382,5fcbdc4e4124c8597eb6c8e2,LOQUAY. S.A.,CJ85,millares,3.5,13104.0,caja regular,"[5.5, 1.5]",29,kraft,19.6,15.0,20.0,CIP,0,3744.0,13.25,0.747,0.715,0.5341049999999999,7.076891249999999
192,23383,5fcbdc7e4124c8597eb6c8e3,LOQUAY. S.A.,CJ247,millares,2.0,27664.0,caja en dos piezas,"[7, 2.7]",32,kraft,44.3,32.0,14.5,CIP,0,13832.0,,1.5959999999999999,0.9570000000000001,1.527372,
193,23526,5fcbddbb4124c8597eb6c8e4,LOQUAY. S.A.,CJ90,millares,3.0,8268.0,caja regular,"[5.5, 1.5]",29,kraft,20.0,10.4,18.5,CIP,0,2756.0,13.25,0.6629999999999999,0.593,0.3931589999999999,5.209356749999999
194,23527,5fcbddde4124c8597eb6c8e5,LOQUAY. S.A.,CJ65,millares,3.0,8268.0,caja regular,"[5.5, 1.5]",29,kraft,20.0,10.4,18.5,CIP,0,2756.0,13.25,0.6629999999999999,0.593,0.3931589999999999,5.209356749999999
195,23531,5fcbde1d4124c8597eb6c8e6,LOQUAY. S.A.,CJ60,millares,3.0,16536.0,caja regular,"[5.5, 1.5]",29,kraft,29.0,20.5,16.3,CIP,0,5512.0,13.25,1.045,0.7509999999999999,0.7847949999999998,10.398533749999997
196,23566,5fcbde674124c8597eb6c8e7,LOQUAY. S.A.,CJ65,millares,3.0,8268.0,caja regular,"[5.5, 1.5]",29,kraft,20.0,10.4,18.5,CIP,0,2756.0,13.25,0.6629999999999999,0.593,0.3931589999999999,5.209356749999999
197,23626,5fcbdfa14124c8597eb6c8e8,LOQUAY. S.A.,CJ186,millares,2.5,7722.5,caja regular,"[5.5, 1.5]",29,kraft,19.0,12.7,18.6,CIP,0,3089.0,13.25,0.6890000000000001,0.6409999999999999,0.44164899999999996,5.851849249999999
198,23796,5fcbdfe14124c8597eb6c8e9,LOQUAY. S.A.,CJ08,millares,2.0,11690.0,caja regular,"[5.5, 1.5]",29,kraft,28.0,21.2,18.5,CIP,0,5845.0,13.25,1.0390000000000001,0.809,0.8405510000000002,11.137300750000001
199,23798,5fcbe0284124c8597eb6c8ea,LOQUAY. S.A.,CJ186,millares,2.5,7722.5,caja regular,"[5.5, 1.5]",29,kraft,19.0,12.7,18.6,CIP,0,3089.0,13.25,0.6890000000000001,0.6409999999999999,0.44164899999999996,5.851849249999999
200,23849,5fcbe4544124c8597eb6c8eb,LOQUAY. S.A.,CJ225,millares,2.0,6844.0,caja regular,"[5.5, 1.5]",26,kraft,19.0,16.0,16.0,CIP,0,3422.0,11.61,0.755,0.655,0.49452500000000005,5.74143525
201,22777,5fcbe52b4124c8597eb6c8ec,LOQUAY. S.A.,CJ42,millares,7.0,43246.0,caja regular,"[5.5, 1.5]",29,kraft,25.2,23.5,19.0,CIP,0,6178.0,13.25,1.0290000000000001,0.865,0.8900850000000001,11.79362625
202,22776,5fcbe5e24124c8597eb6c8ed,LOQUAY. S.A.,CJ225,millares,2.0,6844.0,caja regular,"[5.5, 1.5]",26,kraft,19.0,16.0,16.0,CIP,0,3422.0,11.61,0.755,0.655,0.49452500000000005,5.74143525
203,22775,5fcbe6594124c8597eb6c8ee,LOQUAY. S.A.,CJ223,millares,2.0,12126.0,caja regular,"[5.5, 1.5]",29,kraft,27.2,24.8,14.2,CIP,0,6063.0,13.25,1.095,0.795,0.870525,11.53445625
204,22774,5fcbe6934124c8597eb6c8ef,LOQUAY. S.A.,CJ67,millares,3.0,12573.0,caja regular,"[7, 2.7]",29,kraft,26.3,17.8,13.2,CIP,0,4191.0,13.25,0.9520000000000001,0.647,0.615944,8.161258
205,22773,5fcbe7084124c8597eb6c8f0,LOQUAY. S.A.,CJ05,millares,2.0,24024.0,caja regular,"[5.5, 1.5]",36,kraft,30.5,30.5,27.0,CIG,0,12012.0,14.64,1.275,1.165,1.485375,21.74589
206,23038,5fcbe77a4124c8597eb6c8f1,LOQUAY. S.A.,CJ05,millares,2.0,24024.0,caja regular,"[5.5, 1.5]",36,kraft,30.5,30.5,27.0,CIG,0,12012.0,14.64,1.275,1.165,1.485375,21.74589
207,23039,5fcbe7b24124c8597eb6c8f2,LOQUAY. S.A.,CJ07,millares,2.0,28226.0,caja regular,"[5.5, 1.5]",32,kraft,33.8,30.8,30.0,CIG,0,14113.0,14.12,1.347,1.2309999999999999,1.6581569999999999,23.41317684
208,23040,5fcbe7db4124c8597eb6c8f3,LOQUAY. S.A.,CJ67,millares,2.0,8382.0,caja regular,"[7, 2.7]",29,kraft,26.3,17.8,13.2,CIP,0,4191.0,13.25,0.9520000000000001,0.647,0.615944,8.161258
209,23041,5fcbe8304124c8597eb6c8f4,LOQUAY. S.A.,CJ249,millares,2.0,20176.0,caja regular,"[5.5, 1.5]",36,kraft,32.8,25.0,25.3,CIG,0,10088.0,14.64,1.2109999999999999,1.021,1.2364309999999998,18.101349839999997
210,23042,5fcbe8514124c8597eb6c8f5,LOQUAY. S.A.,CJ85,millares,4.0,14976.0,caja regular,"[5.5, 1.5]",29,kraft,19.6,15.0,20.0,CIP,0,3744.0,13.25,0.747,0.715,0.5341049999999999,7.076891249999999
211,23043,5fcbe8ec4124c8597eb6c8f6,LOQUAY. S.A.,CJ201,millares,2.0,20720.0,caja regular,"[5.5, 1.5]",29,kraft,21.0,19.0,23.7,CIP,0,10360.0,13.25,0.855,0.8690000000000001,0.7429950000000001,9.844683750000002
212,23044,5fcbe92b4124c8597eb6c8f7,LOQUAY. S.A.,CJ227,millares,2.0,10108.0,caja regular,"[5.5, 1.5]",29,kraft,34.0,18.2,14.7,CIG,0,5054.0,13.25,1.099,0.6729999999999999,0.7396269999999999,9.800057749999999
213,23045,5fcbe97d4124c8597eb6c8f8,LOQUAY. S.A.,CJ248,millares,2.0,14332.0,caja regular,"[7, 2.7]",32,kraft,26.0,19.5,20.0,CIG,0,7166.0,14.12,0.98,0.8170000000000001,0.80066,11.3053192
214,23046,5fcbe9ae4124c8597eb6c8f9,LOQUAY. S.A.,CJ22,millares,2.0,25460.0,caja regular,"[7, 2.7]",32,kraft,26.0,19.5,20.0,CIG,0,12730.0,14.12,0.98,0.8170000000000001,0.80066,11.3053192
215,23047,5fcbea224124c8597eb6c8fa,LOQUAY. S.A.,CJ35,millares,2.0,25376.0,caja regular,"[5.5, 1.5]",32,kraft,48.7,30.7,15.9,CIG,0,12688.0,14.12,1.643,0.9470000000000001,1.555921,21.96960452
216,23049,5fcbea8d4124c8597eb6c8fb,LOQUAY. S.A.,CJ98,millares,2.0,9692.0,caja regular,"[5.5, 1.5]",29,kraft,32.3,18.5,13.3,CIP,0,4846.0,13.25,1.071,0.6509999999999999,0.6972209999999999,9.238178249999999
217,23050,5fcbead74124c8597eb6c8fc,LOQUAY. S.A.,CJ60,millares,2.5,13780.0,caja regular,"[5.5, 1.5]",29,kraft,29.0,20.5,16.3,CIP,0,5512.0,13.25,1.045,0.7509999999999999,0.7847949999999998,10.398533749999997
218,23051,5fcbeb4b4124c8597eb6c8fd,LOQUAY. S.A.,CJ42,millares,7.0,43246.0,caja regular,"[5.5, 1.5]",29,kraft,25.2,23.5,19.0,CIP,0,6178.0,13.25,1.0290000000000001,0.865,0.8900850000000001,11.79362625
219,23203,5fcbecf24124c8597eb6c8fe,LOQUAY. S.A.,CJ186,millares,2.0,6178.0,caja regular,"[5.5, 1.5]",29,kraft,19.0,12.7,18.6,CIP,0,3089.0,13.25,0.6890000000000001,0.6409999999999999,0.44164899999999996,5.851849249999999
220,23204,5fcbed554124c8597eb6c8ff,LOQUAY. S.A.,CJ245,millares,2.0,7072.0,caja regular,"[5.5, 1.5]",29,kraft,19.6,15.0,17.5,CIP,0,3536.0,13.25,0.747,0.665,0.496755,6.58200375
221,23206,5fcbed9a4124c8597eb6c900,LOQUAY. S.A.,CJ61,millares,2.0,11024.0,caja regular,"[5.5, 1.5]",29,kraft,29.0,20.5,16.3,CIP,0,5512.0,13.25,1.045,0.7509999999999999,0.7847949999999998,10.398533749999997
222,23207,5fcbeea04124c8597eb6c902,LOQUAY. S.A.,CJ62,millares,2.0,11024.0,caja regular,"[5.5, 1.5]",29,kraft,29.0,20.5,16.3,CIP,0,5512.0,13.25,1.045,0.7509999999999999,0.7847949999999998,10.398533749999997
223,23208,5fcbef234124c8597eb6c903,LOQUAY. S.A.,CJ239,millares,2.0,11024.0,caja regular,"[5.5, 1.5]",29,kraft,29.0,20.5,16.3,CIP,0,5512.0,13.25,1.045,0.7509999999999999,0.7847949999999998,10.398533749999997
224,23209,5fcbef5e4124c8597eb6c904,LOQUAY. S.A.,CJ42,millares,7.0,43246.0,caja regular,"[5.5, 1.5]",29,kraft,25.2,23.5,19.0,CIP,0,6178.0,13.25,1.0290000000000001,0.865,0.8900850000000001,11.79362625
225,23210,5fcbef774124c8597eb6c905,LOQUAY. S.A.,CJ42,millares,7.0,43246.0,caja regular,"[5.5, 1.5]",29,kraft,25.2,23.5,19.0,CIP,0,6178.0,13.25,1.0290000000000001,0.865,0.8900850000000001,11.79362625
226,23211,5fcbefe84124c8597eb6c906,LOQUAY. S.A.,CJ58,millares,2.0,6386.0,caja regular,"[5.5, 1.5]",29,kraft,19.0,12.7,18.6,CIP,0,3193.0,13.25,0.6890000000000001,0.6409999999999999,0.44164899999999996,5.851849249999999
227,23192,5fcbf0b64124c8597eb6c907,LOQUAY. S.A.,CJ03,millares,2.0,12792.0,caja regular,"[5.5, 1.5]",36,kraft,27.7,20.7,21.2,CIG,0,6396.0,14.64,1.023,0.853,0.8726189999999999,12.77514216
228,23193,5fcbf0f24124c8597eb6c908,LOQUAY. S.A.,CJ04,millares,2.0,20176.0,caja regular,"[5.5, 1.5]",36,kraft,32.3,24.5,27.5,CIP,0,10088.0,14.64,1.1909999999999998,1.055,1.2565049999999998,18.395233199999996
229,23194,5fcbf1504124c8597eb6c909,LOQUAY. S.A.,CJ05,millares,2.0,24024.0,caja regular,"[5.5, 1.5]",36,kraft,30.5,30.5,27.0,CIG,0,12012.0,14.64,1.275,1.165,1.485375,21.74589
230,23195,5fcbf16e4124c8597eb6c90a,LOQUAY. S.A.,CJ09,millares,4.0,53372.0,caja regular,"[5.5, 1.5]",36,kraft,48.3,33.5,14.5,CIG,0,13343.0,14.64,1.6909999999999998,0.975,1.6487249999999998,24.137334
231,23196,5fcbf1c14124c8597eb6c90b,LOQUAY. S.A.,CJ65,millares,2.5,6890.0,caja regular,"[5.5, 1.5]",29,kraft,20.0,10.4,18.5,CIP,0,2756.0,13.25,0.6629999999999999,0.593,0.3931589999999999,5.209356749999999
232,23197,5fcbf2174124c8597eb6c90c,LOQUAY. S.A.,CJ90,millares,2.0,5512.0,caja regular,"[5.5, 1.5]",29,kraft,20.0,10.4,18.5,CIP,0,2756.0,13.25,0.6629999999999999,0.593,0.3931589999999999,5.209356749999999
233,23198,5fcbf24f4124c8597eb6c90d,LOQUAY. S.A.,CJ67,millares,5.0,20955.0,caja regular,"[7, 2.7]",29,kraft,26.3,17.8,13.2,CIP,0,4191.0,13.25,0.9520000000000001,0.647,0.615944,8.161258
234,23200,5fcbf28a4124c8597eb6c90e,LOQUAY. S.A.,CJ249,millares,2.0,20176.0,caja regular,"[5.5, 1.5]",36,kraft,32.8,25.0,25.3,CIG,0,10088.0,14.64,1.2109999999999999,1.021,1.2364309999999998,18.101349839999997
235,23201,5fcbf2e24124c8597eb6c90f,LOQUAY. S.A.,CJ85,millares,5.0,18720.0,caja regular,"[5.5, 1.5]",29,kraft,19.6,15.0,20.0,CIP,0,3744.0,13.25,0.747,0.715,0.5341049999999999,7.076891249999999
236,23202,5fcbf3144124c8597eb6c910,LOQUAY. S.A.,CJ246,millares,2.0,21200.0,caja regular,"[5.5, 1.5]",32,kraft,32.3,24.5,30.3,CIG,0,10600.0,14.12,1.1909999999999998,1.111,1.3232009999999998,18.683598119999996
